q,a
实验视频演示,"可以通过这里观看实验演示视频哦~
https://www.youtube.com/watch?v=Hz5Zck-9TlA&feature=youtu.be"
实验项目地址是哪里？,https://github.com/SolidLao/GPTuner
参考的论文有哪些呢？,"可以参考以下这些论文哦

[1]GPTuner: A Manual-Reading Database Tuning System via GPT-Guided Bayesian Optimization
[2]A Demonstration of GPTuner: A GPT-Based Manual-Reading Database Tuning System"
需要迭代多少轮,需要视用到的基座模型和具体的任务而定。基座模型越强大，收敛的迭代数越低。例如，如果使用的是GPT4，大概在迭代20轮后收敛。
如何开始实验？,"在开始实验之前，同学们需要将github的项目clone到自己的电脑上。
项目地址为：https://github.com/SolidLao/GPTuner。

进入项目目录后，我们正式开始实验。

第一步, 需要安装相关数据库。例如PostgreSQL。请参考以下命令：

sudo apt-get update
sudo apt-get install postgresql-14

====================
第二步, 我们需要安装测试数据库的benchmark。这里我们使用的是BenchBase。请参考以下命令

cd ./scripts
sh install_benchbase.sh postgres

注意：该脚本在openjdk版本'17.0.8.1'2023-08-24上测试，（您可能需要将openjdk更新到版本21），请先准备好您的JAVA环境

====================
第三步，构建benchmark。请参考如下命令：

sh build_benchmark.sh postgres tpch

注意：可以通过修改./benchbase/target/benchbase-postgres/config/postgres/sample_{your_target_benchmark}_config.xml这个文件进行个性化设置。

====================
第四步，安装相关依赖。

sudo pip install -r requirements.txt

====================
第五步，运行GPTuner来优化DBMS。

 # PYTHONPATH=src python src/run_gptuner.py <dbms> <benchmark> <timeout> <seed>
PYTHONPATH=src python src/run_gptuner.py postgres tpch 180 -seed=100

这里的<dbms>填写DBMS的名字，如postgres or mysql。<benchmark> is the target workload (e.g., tpch or tpcc), <timeout> is the maximum time allowed to stress-test the benchmark, <seed> is the random seed used by the optimizer.

Note: modify configs/postgres.ini to determine the target DBMS first, the restart and recover commands depend on the environment and we provide Docker version

Note: modify src/run_gptuner.py to set up your api_base, api_key and model first

====================
第六步，也是最后一步，查看调优的结果。

The optimization result is stored in optimization_results/{dbms}/{stage}/{seed}/runhistory.json, where {dbms} is the target DBMS, {stage} is coarse or fine and {seed} is the random seed given by user."
